CREATE DATABASE IF NOT EXISTS SalesDatabase;
USE SalesDatabase;

-- Table for product lines
CREATE TABLE IF NOT EXISTS ProductLines (
    productLine VARCHAR(50) PRIMARY KEY,
    textDescription TEXT,
    htmlDescription TEXT,
    imageLink TEXT
);

-- Table for products
CREATE TABLE IF NOT EXISTS Products (
    productCode VARCHAR(15) PRIMARY KEY,
    productName VARCHAR(70),
    productLine VARCHAR(50),
    productScale VARCHAR(10),
    productVendor VARCHAR(50),
    productDescription TEXT,
    quantityInStock INT,
    buyPrice DECIMAL(10, 2),
    MSRP DECIMAL(10, 2),
    FOREIGN KEY (productLine) REFERENCES ProductLines(productLine)
);

-- Table for offices
CREATE TABLE IF NOT EXISTS Offices (
    officeCode VARCHAR(10) PRIMARY KEY,
    city VARCHAR(50),
    phone VARCHAR(20),
    addressLine1 VARCHAR(100),
    addressLine2 VARCHAR(100),
    state VARCHAR(50),
    country VARCHAR(50),
    postalCode VARCHAR(15),
    territory VARCHAR(10)
    -- UNIQUE (phone)
);

-- Table for employees
CREATE TABLE IF NOT EXISTS Employees (
    employeeNumber INT PRIMARY KEY,
    lastName VARCHAR(50),
    firstName VARCHAR(50),
    extension VARCHAR(10),
    email VARCHAR(100),
    officeCode VARCHAR(10),
    reportsTo INT,
    jobTitle VARCHAR(50),
    FOREIGN KEY (officeCode) REFERENCES Offices(officeCode),
    FOREIGN KEY (reportsTo) REFERENCES Employees(employeeNumber)
    -- UNIQUE (email)
);

-- Table for customers
CREATE TABLE IF NOT EXISTS Customers (
    customerNumber INT PRIMARY KEY,
    customerName VARCHAR(50),
    contactLastName VARCHAR(50),
    contactFirstName VARCHAR(50),
    phone VARCHAR(20),
    addressLine1 VARCHAR(100),
    addressLine2 VARCHAR(100),
    city VARCHAR(50),
    state VARCHAR(50),
    postalCode VARCHAR(15),
    country VARCHAR(50),
    salesRepEmployeeNumber INT,
    creditLimit DECIMAL(10, 2),
    FOREIGN KEY (salesRepEmployeeNumber) REFERENCES Employees(employeeNumber)
);

-- Table for orders
CREATE TABLE IF NOT EXISTS Orders (
    orderNumber INT PRIMARY KEY,
    orderDate DATE,
    requiredDate DATE,
    shippedDate DATE,
    orderStatus VARCHAR(15),
    comments TEXT,
    customerNumber INT,
    FOREIGN KEY (customerNumber) REFERENCES Customers(customerNumber)
);

-- Table for order details (junction table for orders and products)
CREATE TABLE IF NOT EXISTS OrderDetails (
    orderNumber INT,
    productCode VARCHAR(15),
    quantityOrdered INT,
    priceEach DECIMAL(10, 2),
    orderLineNumber INT,
    PRIMARY KEY (orderNumber, productCode),
    FOREIGN KEY (orderNumber) REFERENCES Orders(orderNumber),
    FOREIGN KEY (productCode) REFERENCES Products(productCode)
);

-- Table for payments
CREATE TABLE IF NOT EXISTS Payments (
    customerNumber INT,
    checkNumber VARCHAR(50),
    paymentDate DATE,
    amount DECIMAL(10, 2),
    PRIMARY KEY (customerNumber, checkNumber),
    FOREIGN KEY (customerNumber) REFERENCES Customers(customerNumber)
);


-- Populate ProductLines table
INSERT INTO ProductLines (productLine, textDescription, htmlDescription, imageLink) VALUES
('Classic Cars', 'Replicas of classic cars from the 20th century', '<p>Classic cars from the 20th century</p>', 'http://images/classic_cars.jpg'),
('Motorcycles', 'Detailed replicas of motorcycles', '<p>Motorcycle models</p>', 'http://images/motorcycles.jpg'),
('Planes', 'Replica airplane models', '<p>Plane models</p>', 'http://images/planes.jpg'),
('Ships', 'Models of famous ships', '<p>Ship models</p>', 'http://images/ships.jpg'),
('Trains', 'Replica trains', '<p>Train models</p>', 'http://images/trains.jpg'),
('Trucks', 'Truck models', '<p>Truck models</p>', 'http://images/trucks.jpg'),
('Buses', 'Bus models', '<p>Bus models</p>', 'http://images/buses.jpg'),
('Construction Vehicles', 'Construction vehicle models', '<p>Construction vehicle models</p>', 'http://images/construction.jpg'),
('Vintage Cars', 'Vintage car models', '<p>Vintage car models</p>', 'http://images/vintage.jpg'),
('Farm Vehicles', 'Farm equipment models', '<p>Farm equipment models</p>', 'http://images/farm.jpg');

-- Populate Products table
INSERT INTO Products (productCode, productName, productLine, productScale, productVendor, productDescription, quantityInStock, buyPrice, MSRP) VALUES
('S10_1678', '1952 Alpine Renault 1300', 'Classic Cars', '1:10', 'Autoart Studio Design', 'Model car replica', 730, 98.58, 214.30),
('S10_1949', '1962 LanciaA Delta 16V', 'Classic Cars', '1:10', 'Autoart Studio Design', 'Model car replica', 679, 81.35, 145.66),
('S10_2016', '1996 Moto Guzzi 1100i', 'Motorcycles', '1:10', 'Studio M Co.', 'Replica of Moto Guzzi', 234, 68.99, 118.94),
('S10_4698', 'Corsair F4U', 'Planes', '1:72', 'Min Lin Diecast', 'Die-cast plane model', 133, 29.83, 51.50),
('S10_4757', 'USS Monitor', 'Ships', '1:700', 'Second Gear Diecast', 'Model ship replica', 325, 30.99, 66.10),
('S10_4962', '1969 Ford Mustang Boss', 'Classic Cars', '1:12', 'Gearbox Collectibles', 'Replica car model', 456, 98.99, 150.10),
('S10_5801', 'Boeing 747', 'Planes', '1:100', 'Airline Models Inc.', 'Model airplane', 239, 102.23, 188.00),
('S10_6020', 'Caterpillar Bulldozer', 'Construction Vehicles', '1:50', 'Caterpillar Diecast', 'Bulldozer replica', 189, 123.45, 250.00),
('S10_6213', '1976 Ford Truck', 'Trucks', '1:18', 'Vintage Models Ltd.', 'Model truck replica', 289, 76.89, 132.80),
('S10_6361', 'Vintage Farm Tractor', 'Farm Vehicles', '1:20', 'Classic Farm Replicas', 'Farm tractor model', 320, 45.67, 89.99),
('S10_1023', 'P-51 Mustang', 'Planes', '1:48', 'Wingspan Models', 'Detailed model of the P-51 Mustang', 145, 54.99, 95.00),
('S10_2025', '1967 Volkswagen Beetle', 'Classic Cars', '1:24', 'Volkswagen Collectibles', 'Iconic Volkswagen Beetle replica', 220, 39.99, 75.00),
('S10_3057', 'Ninja ZX-10R', 'Motorcycles', '1:12', 'Motorcycle Replicas', 'Replica of the Ninja ZX-10R', 300, 45.00, 90.00),
('S10_4091', 'Titanic', 'Ships', '1:350', 'Oceanic Models', 'Detailed Titanic model', 75, 150.00, 300.00),
('S10_5078', 'LNER A4 Pacific', 'Trains', '1:76', 'Railroad Collectibles', 'Classic train model', 50, 99.50, 180.00),
('S10_6066', '1949 GMC Pickup', 'Trucks', '1:25', 'Classic Trucks Inc.', 'Vintage GMC pickup truck model', 180, 49.99, 100.00),
('S10_7088', 'School Bus', 'Buses', '1:32', 'Bus Models Co.', 'School bus model', 210, 35.00, 65.00),
('S10_8099', 'Excavator', 'Construction Vehicles', '1:50', 'Heavy Equipment Models', 'Excavator model', 95, 70.00, 140.00),
('S10_9012', '1970 Dodge Charger', 'Classic Cars', '1:24', 'Muscle Car Models', 'Iconic Dodge Charger model', 150, 42.50, 85.00),
('S10_1024', 'Caterpillar Backhoe', 'Construction Vehicles', '1:50', 'Caterpillar Diecast', 'Backhoe loader model', 120, 110.00, 220.00);

-- Populate Offices table
INSERT INTO Offices (officeCode, city, phone, addressLine1, addressLine2, state, country, postalCode, territory) VALUES
('1', 'San Francisco', '123-456-7890', '100 Market St', 'Suite 300', 'CA', 'USA', '94105', 'NA'),
('2', 'Boston', '123-555-0123', '101 Cambridge St', NULL, 'MA', 'USA', '02142', 'NA'),
('3', 'NYC', '212-555-0183', '500 Madison Ave', 'Floor 20', 'NY', 'USA', '10022', 'NA'),
('4', 'London', '44-20-1234-5678', '10 Downing St', NULL, 'London', 'UK', 'SW1A 2AA', 'EMEA'),
('5', 'Tokyo', '81-3-1234-5678', '1-2-3 Minato', NULL, 'Tokyo', 'Japan', '105-0011', 'APAC'),
('6', 'Paris', '33-1-2345-6789', 'Champ de Mars', NULL, 'Paris', 'France', '75007', 'EMEA'),
('7', 'Berlin', '49-30-123456', 'Friedrichstrasse', NULL, 'Berlin', 'Germany', '10117', 'EMEA'),
('8', 'Sydney', '61-2-9876-5432', '1 Macquarie St', NULL, 'Sydney', 'Australia', '2000', 'APAC'),
('9', 'Toronto', '416-123-4567', '100 King St W', 'Suite 1500', 'ON', 'Canada', 'M5X 1A9', 'NA'),
('10', 'Mexico City', '55-1234-5678', 'Reforma 100', NULL, 'Mexico City', 'Mexico', '06500', 'LATAM'),
('11', 'Moscow', '+7-495-123-4567', 'Red Square', NULL, 'Moscow', 'Russia', '101000', 'EMEA'),
('12', 'Saint Petersburg', '+7-812-123-4567', 'Nevsky Prospect 1', NULL, 'Saint Petersburg', 'Russia', '190000', 'EMEA'),
('13', 'Mumbai', '+91-22-1234-5678', 'Nariman Point', NULL, 'Maharashtra', 'India', '400021', 'APAC'),
('14', 'Bangalore', '+91-80-1234-5678', 'MG Road', NULL, 'Karnataka', 'India', '560001', 'APAC'),
('15', 'Delhi', '+91-11-1234-5678', 'Connaught Place', NULL, 'Delhi', 'India', '110001', 'APAC');

-- Populate Employees table
INSERT INTO Employees (employeeNumber, lastName, firstName, extension, email, officeCode, reportsTo, jobTitle) VALUES
(1001, 'Smith', 'John', 'x101', 'jsmith@company.com', '1', NULL, 'CEO'),
(1002, 'Johnson', 'Alex', 'x102', 'ajohnson@company.com', '2', 1001, 'CFO'),
(1003, 'Lee', 'Dana', 'x103', 'dlee@company.com', '3', 1001, 'CTO'),
(1004, 'Kim', 'Chris', 'x104', 'ckim@company.com', '4', 1002, 'Manager'),
(1005, 'Brown', 'Jordan', 'x105', 'jbrown@company.com', '5', 1002, 'Sales Rep'),
(1006, 'Williams', 'Jamie', 'x106', 'jwilliams@company.com', '6', 1002, 'Product Manager'),
(1007, 'Taylor', 'Morgan', 'x107', 'mtaylor@company.com', '7', 1003, 'Project Lead'),
(1008, 'Anderson', 'Casey', 'x108', 'canderson@company.com', '8', 1003, 'Regional Director'),
(1009, 'Thomas', 'Riley', 'x109', 'rthomas@company.com', '9', 1005, 'Sales Manager'),
(1010, 'Moore', 'Alexis', 'x110', 'amoore@company.com', '10', 1005, 'Marketing Specialist'),
(1011, 'Garcia', 'Luis', 'x111', 'lgarcia@company.com', '1', 1001, 'HR Director'),
(1012, 'Martinez', 'Sofia', 'x112', 'smartinez@company.com', '1', 1001, 'Finance Manager'),
(1013, 'Davis', 'Ella', 'x113', 'edavis@company.com', '2', 1002, 'Accountant'),
(1014, 'Hernandez', 'Carlos', 'x114', 'chernandez@company.com', '2', 1002, 'Finance Analyst'),
(1015, 'Wilson', 'Mia', 'x115', 'mwilson@company.com', '3', 1003, 'Software Engineer'),
(1016, 'Lopez', 'James', 'x116', 'jlopez@company.com', '3', 1003, 'DevOps Engineer'),
(1017, 'Gonzalez', 'Ava', 'x117', 'agonzalez@company.com', '4', 1004, 'Office Administrator'),
(1018, 'Clark', 'Liam', 'x118', 'lclark@company.com', '5', 1005, 'Sales Executive'),
(1019, 'Rodriguez', 'Sophia', 'x119', 'srodriguez@company.com', '5', 1005, 'Marketing Manager'),
(1020, 'Lewis', 'Noah', 'x120', 'nlewis@company.com', '6', 1006, 'Product Designer'),
(1021, 'Lee', 'Isabella', 'x121', 'ilee@company.com', '7', 1007, 'Technical Lead'),
(1022, 'Walker', 'Ethan', 'x122', 'ewalker@company.com', '8', 1008, 'Regional Manager'),
(1023, 'Hall', 'Aiden', 'x123', 'ahall@company.com', '9', 1009, 'Sales Associate'),
(1024, 'Young', 'Zoe', 'x124', 'zyoung@company.com', '10', 1010, 'Marketing Coordinator'),
(1025, 'Allen', 'Lucas', 'x125', 'lallen@company.com', '11', 1011, 'Customer Support'),
(1026, 'King', 'Amelia', 'x126', 'aking@company.com', '12', 1012, 'Project Manager'),
(1027, 'Wright', 'Benjamin', 'x127', 'bwright@company.com', '13', 1015, 'IT Specialist'),
(1028, 'Scott', 'Mason', 'x128', 'mscott@company.com', '14', 1015, 'Business Analyst'),
(1029, 'Torres', 'Lily', 'x129', 'ltorres@company.com', '15', 1018, 'Sales Representative');

-- Populate Customers table
INSERT INTO Customers (customerNumber, customerName, contactLastName, contactFirstName, phone, addressLine1, addressLine2, city, state, postalCode, country, salesRepEmployeeNumber, creditLimit) VALUES
(101, 'SaveMart', 'Wong', 'Nancy', '415-555-7890', '101 Main St', NULL, 'San Francisco', 'CA', '94105', 'USA', 1005, 50000.00),
(102, 'MegaStore', 'Doe', 'Jane', '212-555-7890', '200 Market St', NULL, 'New York', 'NY', '10002', 'USA', 1012, 150000.00),
(103, 'ValueMart', 'Brown', 'Charlie', '617-555-0123', '300 Cambridge Ave', NULL, 'Boston', 'MA', '02142', 'USA', 1005, 20000.00),
(104, 'BigStore', 'Smith', 'John', '312-555-9876', '123 Wacker Dr', NULL, 'Chicago', 'IL', '60601', 'USA', 1004, 75000.00),
(105, 'ShopSmart', 'Green', 'Lucy', '818-555-0198', '456 Sunset Blvd', NULL, 'Los Angeles', 'CA', '90028', 'USA', 1004, 30000.00),
(106, 'QuickBuy', 'Davis', 'Michael', '213-555-1234', '789 Figueroa St', NULL, 'Los Angeles', 'CA', '90015', 'USA', 1006, 40000.00),
(107, 'EasyShop', 'Wilson', 'Avery', '404-555-4567', '101 Peachtree St', NULL, 'Atlanta', 'GA', '30303', 'USA', 1007, 15000.00),
(108, 'TopMart', 'Taylor', 'Jordan', '512-555-6789', '202 Elm St', NULL, 'Dallas', 'TX', '75201', 'USA', 1008, 22000.00),
(109, 'AllInOne', 'Hall', 'Zoe', '626-555-2345', '303 Birch St', NULL, 'Seattle', 'WA', '98101', 'USA', 1006, 18000.00),
(110, 'MarketSquare', 'Garcia', 'Luis', '213-555-0987', '404 Pine St', NULL, 'Phoenix', 'AZ', '85001', 'USA', 1009, 90000.00),
(111, 'SmartChoice', 'Thompson', 'Evelyn', '415-555-1234', '111 Market St', NULL, 'San Francisco', 'CA', '94103', 'USA', 1005, 60000.00),
(112, 'OneStopShop', 'Anderson', 'Michael', '202-555-1234', '222 7th Ave', NULL, 'Washington', 'DC', '20001', 'USA', 1003, 50000.00),
(113, 'DailyDeals', 'Robinson', 'Grace', '312-555-1234', '333 W 48th St', NULL, 'New York', 'NY', '10036', 'USA', 1001, 85000.00),
(114, 'HomeGoods', 'Lewis', 'Liam', '404-555-2345', '444 Home St', NULL, 'Atlanta', 'GA', '30303', 'USA', 1007, 40000.00),
(115, 'Essentials', 'Young', 'Olivia', '503-555-6789', '555 Essentials Ave', NULL, 'Portland', 'OR', '97205', 'USA', 1008, 30000.00),
(116, 'MarketLink', 'Clark', 'David', '213-555-7890', '666 Link St', NULL, 'Seattle', 'WA', '98109', 'USA', 1021, 120000.00),
(117, 'ShopEase', 'Hall', 'Sophia', '512-555-2345', '777 Ease Rd', NULL, 'San Diego', 'CA', '92101', 'USA', 1011, 95000.00),
(118, 'BuyMore', 'Adams', 'Ella', '707-555-4567', '888 More St', NULL, 'Las Vegas', 'NV', '89101', 'USA', 1021, 40000.00),
(119, 'ValueStore', 'Scott', 'James', '616-555-4567', '999 Value St', NULL, 'Detroit', 'MI', '48226', 'USA', 1015, 72000.00),
(120, 'CityMarket', 'Martinez', 'Isabella', '212-555-6789', '1010 City St', NULL, 'Philadelphia', 'PA', '19102', 'USA', 1005, 80000.00),
(121, 'FreshFinds', 'Roberts', 'Mason', '313-555-6789', '1111 Fresh Ave', NULL, 'Chicago', 'IL', '60601', 'USA', 1002, 95000.00),
(122, 'UrbanGrocer', 'Turner', 'Ella', '312-555-9876', '1212 Urban Blvd', NULL, 'Denver', 'CO', '80202', 'USA', 1027, 100000.00),
(123, 'QuickShop', 'Phillips', 'Liam', '423-555-1111', '1313 Quick St', NULL, 'Miami', 'FL', '33101', 'USA', 1019, 55000.00),
(124, 'HappyMart', 'Campbell', 'Ava', '334-555-2222', '1414 Happy St', NULL, 'San Antonio', 'TX', '78205', 'USA', 1013, 70000.00),
(125, 'LocalMarket', 'Parker', 'Lucas', '415-555-3333', '1515 Local St', NULL, 'Austin', 'TX', '78701', 'USA', 1013, 45000.00),
(126, 'EcoShop', 'Evans', 'Mia', '623-555-4444', '1616 Eco Rd', NULL, 'Orlando', 'FL', '32801', 'USA', 1009, 60000.00),
(127, 'CityGrocer', 'Edwards', 'Oliver', '534-555-5555', '1717 City St', NULL, 'Baltimore', 'MD', '21201', 'USA', 1017, 75000.00),
(128, 'Foodies', 'Bennett', 'Sofia', '445-555-6666', '1818 Foodie Rd', NULL, 'Nashville', 'TN', '37201', 'USA', 1004, 90000.00),
(129, 'MainStreet', 'Simmons', 'Ethan', '556-555-7777', '1919 Main St', NULL, 'Cleveland', 'OH', '44101', 'USA', 1016, 50000.00),
(130, 'SavvyShop', 'Foster', 'Mia', '667-555-8888', '2020 Savvy Rd', NULL, 'Kansas City', 'MO', '64101', 'USA', 1007, 30000.00),
(131, 'DailyDeals', 'Gonzalez', 'Chloe', '778-555-9999', '2121 Deal St', NULL, 'Milwaukee', 'WI', '53201', 'USA', 1016, 150000.00),
(132, 'SmartPick', 'Harris', 'Lucas', '889-555-0000', '2222 Pick Rd', NULL, 'New Orleans', 'LA', '70112', 'USA', 1014, 80000.00),
(133, 'DealDepot', 'Gray', 'Scarlett', '990-555-1111', '2323 Depot St', NULL, 'Virginia Beach', 'VA', '23450', 'USA', 1003, 30000.00),
(134, 'EcoChoice', 'James', 'Jack', '222-555-2222', '2424 Eco Rd', NULL, 'Atlanta', 'GA', '30301', 'USA', 1008, 60000.00),
(135, 'ValueVillage', 'Lopez', 'Aiden', '333-555-3333', '2525 Village Rd', NULL, 'El Paso', 'TX', '79901', 'USA', 1026, 75000.00),
(136, 'SmartBuy', 'Rodriguez', 'Lily', '444-555-4444', '2626 Buy St', NULL, 'Omaha', 'NE', '68102', 'USA', 1009, 100000.00),
(137, 'StoreHub', 'Kim', 'Ella', '555-555-5555', '2727 Hub Rd', NULL, 'Tucson', 'AZ', '85701', 'USA', 1019, 15000.00),
(138, 'BestChoice', 'Bell', 'Harper', '666-555-6666', '2828 Choice St', NULL, 'Sacramento', 'CA', '95814', 'USA', 1006, 90000.00),
(139, 'CityCentral', 'Young', 'Grayson', '777-555-7777', '2929 Central Ave', NULL, 'Atlanta', 'GA', '30301', 'USA', 1005, 120000.00),
(140, 'TheWarehouse', 'Baker', 'Layla', '888-555-8888', '3030 Warehouse Rd', NULL, 'Phoenix', 'AZ', '85001', 'USA', 1003, 60000.00),
(141, 'FreshMart', 'Evans', 'Noah', '510-555-9999', '404 Water St', NULL, 'Seattle', 'WA', '98101', 'USA', 1029, 55000.00),
(142, 'MegaMart', 'Bennett', 'Isabella', '601-555-8888', '505 Food Ave', NULL, 'San Francisco', 'CA', '94107', 'USA', 1023, 75000.00),
(143, 'SmartStore', 'Cook', 'Mason', '702-555-7777', '606 Retail Rd', NULL, 'Phoenix', 'AZ', '85004', 'USA', 1004, 65000.00),
(144, 'CityShop', 'Murphy', 'Sophia', '803-555-6666', '707 Commerce St', NULL, 'Chicago', 'IL', '60602', 'USA', 1022, 70000.00),
(145, 'ShopRite', 'Rivera', 'Lucas', '904-555-5555', '808 Shop Rd', NULL, 'Dallas', 'TX', '75201', 'USA', 1002, 85000.00),
(146, 'BestBuy', 'Torres', 'Ava', '105-555-4444', '909 Market Blvd', NULL, 'Los Angeles', 'CA', '90012', 'USA', 1003, 60000.00),
(147, 'QuickShop', 'Gonzalez', 'Oliver', '206-555-3333', '1010 Fast Ave', NULL, 'Atlanta', 'GA', '30301', 'USA', 1012, 95000.00),
(148, 'ShopSmart', 'Reed', 'Evelyn', '307-555-2222', '1111 Smart Rd', NULL, 'Denver', 'CO', '80202', 'USA', 1020, 40000.00),
(149, 'DailyDeals', 'Perry', 'Ethan', '408-555-1111', '1212 Deal St', NULL, 'Miami', 'FL', '33101', 'USA', 1010, 80000.00),
(150, 'ValueGoods', 'Ward', 'Chloe', '509-555-0000', '1313 Value St', NULL, 'Austin', 'TX', '78701', 'USA', 1028, 30000.00),
(151, 'EcoChoice', 'Cox', 'Henry', '610-555-1212', '1414 Eco Rd', NULL, 'Portland', 'OR', '97201', 'USA', 1023, 90000.00),
(152, 'SmartChoice', 'Howard', 'Grace', '711-555-1313', '1515 Choice Blvd', NULL, 'New York', 'NY', '10036', 'USA', 1005, 65000.00),
(153, 'LocalMart', 'Woods', 'Zoe', '812-555-1414', '1616 Local Rd', NULL, 'Baltimore', 'MD', '21202', 'USA', 1001, 30000.00),
(154, 'CityMart', 'James', 'Aiden', '913-555-1515', '1717 City St', NULL, 'Cleveland', 'OH', '44101', 'USA', 1006, 40000.00),
(155, 'FreshGoods', 'Hernandez', 'Liam', '014-555-1616', '1818 Fresh Rd', NULL, 'Nashville', 'TN', '37201', 'USA', 1024, 50000.00),
(156, 'WarehouseDeals', 'Gonzales', 'Ella', '115-555-1717', '1919 Warehouse St', NULL, 'Virginia Beach', 'VA', '23450', 'USA', 1022, 60000.00),
(157, 'OneStopMart', 'Cole', 'Jackson', '216-555-1818', '2020 OneStop Rd', NULL, 'San Antonio', 'TX', '78205', 'USA', 1029, 80000.00),
(158, 'SmartDepot', 'Graham', 'Scarlett', '317-555-1919', '2121 Depot Rd', NULL, 'Kansas City', 'MO', '64101', 'USA', 1011, 90000.00),
(159, 'CityGrocer', 'Bryant', 'Layla', '418-555-2020', '2222 Grocer St', NULL, 'Milwaukee', 'WI', '53201', 'USA', 1017, 30000.00),
(160, 'EcoMart', 'Holt', 'Grayson', '519-555-2121', '2323 Eco Blvd', NULL, 'Atlanta', 'GA', '30303', 'USA', 1028, 50000.00);

INSERT INTO Orders (orderNumber, orderDate, requiredDate, shippedDate, orderStatus, comments, customerNumber) VALUES
(1, '2024-01-10', '2024-01-15', '2024-01-12', 'Shipped', 'Urgent order', 101),
(2, '2024-01-12', '2024-01-17', '2024-01-14', 'Shipped', 'Regular order', 102),
(3, '2024-01-15', '2024-01-20', '2024-01-18', 'Shipped', 'Bulk order', 103),
(4, '2024-01-20', '2024-01-25', NULL, 'Pending', 'Awaiting stock', 104),
(5, '2024-01-22', '2024-01-27', NULL, 'Pending', 'Customer requested', 105),
(6, '2024-01-25', '2024-01-30', '2024-01-28', 'Shipped', 'On time delivery', 106),
(7, '2024-02-01', '2024-02-05', NULL, 'Pending', 'Awaiting payment', 107),
(8, '2024-02-02', '2024-02-07', '2024-02-04', 'Shipped', 'Gift order', 108),
(9, '2024-02-05', '2024-02-10', '2024-02-08', 'Shipped', 'Local delivery', 109),
(10, '2024-02-07', '2024-02-12', NULL, 'Pending', 'Backorder', 110),
(11, '2024-02-10', '2024-02-15', '2024-02-13', 'Shipped', 'First-time customer', 111),
(12, '2024-02-12', '2024-02-17', NULL, 'Pending', 'Request for special items', 112),
(13, '2024-02-15', '2024-02-20', '2024-02-18', 'Shipped', 'Corporate order', 113),
(14, '2024-02-18', '2024-02-23', NULL, 'Pending', 'Stock availability', 114),
(15, '2024-02-20', '2024-02-25', '2024-02-23', 'Shipped', 'Last minute gift', 115),
(16, '2024-02-22', '2024-02-27', NULL, 'Pending', 'Customer delayed response', 116),
(17, '2024-02-25', '2024-03-01', '2024-02-28', 'Shipped', 'Regular order', 117),
(18, '2024-02-28', '2024-03-05', NULL, 'Pending', 'Awaiting confirmation', 118),
(19, '2024-03-02', '2024-03-07', '2024-03-04', 'Shipped', 'Frequent customer', 119),
(20, '2024-03-05', '2024-03-10', '2024-03-08', 'Shipped', 'Urgent delivery', 120),
(21, '2024-03-08', '2024-03-13', NULL, 'Pending', 'Order adjustment requested', 121),
(22, '2024-03-10', '2024-03-15', '2024-03-12', 'Shipped', 'Reorder for regular items', 122),
(23, '2024-03-12', '2024-03-17', '2024-03-15', 'Shipped', 'Customer satisfaction', 123),
(24, '2024-03-15', '2024-03-20', NULL, 'Pending', 'Payment issue', 124),
(25, '2024-03-18', '2024-03-23', '2024-03-21', 'Shipped', 'Special event order', 125),
(26, '2024-03-20', '2024-03-25', NULL, 'Pending', 'Request for expedited shipping', 126),
(27, '2024-03-22', '2024-03-27', '2024-03-24', 'Shipped', 'Bulk purchase', 127),
(28, '2024-03-25', '2024-03-30', '2024-03-28', 'Shipped', 'Customer referral', 128),
(29, '2024-03-28', '2024-04-02', NULL, 'Pending', 'Awaiting stock', 129),
(30, '2024-03-30', '2024-04-04', '2024-04-02', 'Shipped', 'New product launch', 130),
(31, '2024-04-02', '2024-04-07', NULL, 'Pending', 'Technical issue with order', 131),
(32, '2024-04-05', '2024-04-10', '2024-04-06', 'Shipped', 'Promo items', 132),
(33, '2024-04-08', '2024-04-13', NULL, 'Pending', 'Awaiting payment', 133),
(34, '2024-04-10', '2024-04-15', '2024-04-12', 'Shipped', 'Urgent client request', 134),
(35, '2024-04-12', '2024-04-17', NULL, 'Pending', 'Customer delayed response', 135),
(36, '2024-04-15', '2024-04-20', '2024-04-18', 'Shipped', 'Regular delivery', 136),
(37, '2024-04-17', '2024-04-22', NULL, 'Pending', 'Order under review', 137),
(38, '2024-04-20', '2024-04-25', '2024-04-23', 'Shipped', 'Seasonal promotion', 138),
(39, '2024-04-22', '2024-04-27', NULL, 'Pending', 'Awaiting stock replenishment', 139),
(40, '2024-04-25', '2024-04-30', '2024-04-28', 'Shipped', 'Follow-up order', 140),
(41, '2024-04-28', '2024-05-03', NULL, 'Pending', 'Customer inquiry pending', 141),
(42, '2024-04-30', '2024-05-05', '2024-05-02', 'Shipped', 'Regular customer order', 142),
(43, '2024-05-02', '2024-05-07', NULL, 'Pending', 'Awaiting supplier confirmation', 143),
(44, '2024-05-05', '2024-05-10', '2024-05-06', 'Shipped', 'Delivery for event', 144),
(45, '2024-05-08', '2024-05-13', NULL, 'Pending', 'Customer request for update', 145),
(46, '2024-05-10', '2024-05-15', '2024-05-12', 'Shipped', 'New product testing', 146),
(47, '2024-05-12', '2024-05-17', NULL, 'Pending', 'Customer follow-up needed', 147),
(48, '2024-05-15', '2024-05-20', '2024-05-18', 'Shipped', 'Urgent reorder', 148),
(49, '2024-05-17', '2024-05-22', NULL, 'Pending', 'Awaiting payment confirmation', 149),
(50, '2024-05-20', '2024-05-25', '2024-05-24', 'Shipped', 'Corporate gift order', 150),
(51, '2024-05-22', '2024-05-27', NULL, 'Pending', 'Order change request', 101),
(52, '2024-05-25', '2024-05-30', '2024-05-27', 'Shipped', 'Seasonal sale items', 119),
(53, '2024-05-27', '2024-06-01', NULL, 'Pending', 'Awaiting stock', 128),
(54, '2024-05-30', '2024-06-04', '2024-06-02', 'Shipped', 'Feedback from previous order', 145),
(55, '2024-06-01', '2024-06-06', NULL, 'Pending', 'Delayed shipment', 155),
(56, '2024-06-03', '2024-06-08', '2024-06-05', 'Shipped', 'Special request order', 133),
(57, '2024-06-05', '2024-06-10', NULL, 'Pending', 'Awaiting customer confirmation', 106),
(58, '2024-06-07', '2024-06-12', '2024-06-10', 'Shipped', 'Last-minute event order', 129),
(59, '2024-06-10', '2024-06-15', NULL, 'Pending', 'Clarification needed', 131),
(60, '2024-06-12', '2024-06-17', '2024-06-14', 'Shipped', 'Referral order', 121),
(61, '2024-06-15', '2024-06-20', NULL, 'Pending', 'Awaiting product details', 149),
(62, '2024-06-17', '2024-06-22', '2024-06-19', 'Shipped', 'Customer loyalty order', 135),
(63, '2024-06-20', '2024-06-25', NULL, 'Pending', 'Customer scheduled follow-up', 122),
(64, '2024-06-22', '2024-06-27', '2024-06-25', 'Shipped', 'Frequent buyer program', 104),
(65, '2024-06-25', '2024-06-30', NULL, 'Pending', 'Awaiting payment clearance', 144),
(66, '2024-06-28', '2024-07-03', '2024-07-01', 'Shipped', 'Repeat order', 126),
(67, '2024-07-01', '2024-07-06', NULL, 'Pending', 'Order status update needed', 133),
(68, '2024-07-03', '2024-07-08', '2024-07-05', 'Shipped', 'Urgent replacement order', 111),
(69, '2024-07-05', '2024-07-10', NULL, 'Pending', 'New product inquiry', 114),
(70, '2024-07-08', '2024-07-13', '2024-07-10', 'Shipped', 'Confirmation of order details', 109);

INSERT INTO OrderDetails (orderNumber, productCode, quantityOrdered, priceEach, orderLineNumber) VALUES
(1, 'S10_1678', 2, 98.58, 1),
(1, 'S10_1949', 1, 81.35, 2),
(2, 'S10_2016', 3, 68.99, 1),
(3, 'S10_4757', 1, 30.99, 1),
(3, 'S10_4962', 2, 98.99, 2),
(4, 'S10_5801', 4, 102.23, 1),
(5, 'S10_6020', 5, 123.45, 1),
(6, 'S10_6213', 2, 76.89, 1),
(7, 'S10_6361', 1, 45.67, 1),
(8, 'S10_1678', 1, 98.58, 1),
(3, 'S10_1024', 1, 110.00, 1),
(8, 'S10_4091', 1, 150.00, 1),
(5, 'S10_6213', 2, 76.89, 2),
(10, 'S10_4757', 3, 30.99, 1),
(6, 'S10_2016', 1, 68.99, 1),
(2, 'S10_1678', 2, 99.50, 1),
(12, 'S10_5078', 1, 54.99, 1),
(15, 'S10_9012', 1, 42.50, 1),
(9, 'S10_2016', 2, 68.99, 1),
(7, 'S10_1678', 4, 98.58, 1),
(4, 'S10_4757', 2, 30.99, 2),
(11, 'S10_4091', 1, 150.00, 1),
(19, 'S10_6213', 1, 76.89, 1),
(13, 'S10_6066', 1, 49.99, 1),
(20, 'S10_3057', 3, 45.00, 1),
(17, 'S10_4698', 2, 29.83, 1),
(21, 'S10_5078', 1, 99.50, 1),
(22, 'S10_7088', 1, 35.00, 1),
(14, 'S10_2025', 2, 39.99, 1),
(18, 'S10_9012', 1, 42.50, 1),
(1, 'S10_5801', 1, 102.23, 1),
(30, 'S10_1024', 1, 110.00, 1),
(25, 'S10_1949', 3, 81.35, 1),
(26, 'S10_2016', 1, 68.99, 1),
(29, 'S10_4091', 2, 150.00, 1),
(33, 'S10_1678', 2, 98.58, 1),
(32, 'S10_6213', 1, 76.89, 1),
(31, 'S10_6066', 1, 49.99, 1),
(24, 'S10_4757', 4, 30.99, 1),
(27, 'S10_4698', 1, 29.83, 1),
(23, 'S10_9012', 1, 42.50, 1),
(28, 'S10_2025', 1, 39.99, 1),
(34, 'S10_5801', 2, 102.23, 1),
(35, 'S10_3057', 3, 45.00, 1),
(36, 'S10_1678', 4, 98.58, 1),
(37, 'S10_1949', 2, 81.35, 1),
(38, 'S10_6213', 1, 76.89, 1),
(39, 'S10_1023', 1, 54.99, 1),
(5, 'S10_1678', 2, 98.58, 1),
(9, 'S10_1949', 1, 81.35, 1),
(15, 'S10_5078', 3, 99.50, 1),
(12, 'S10_2016', 2, 68.99, 1),
(18, 'S10_4757', 1, 30.99, 1),
(10, 'S10_6213', 1, 76.89, 1),
(14, 'S10_6066', 1, 49.99, 1),
(22, 'S10_1024', 1, 110.00, 1),
(3, 'S10_1678', 1, 98.58, 1),
(1, 'S10_2016', 4, 68.99, 1),
(29, 'S10_4757', 2, 30.99, 1),
(34, 'S10_9012', 1, 42.50, 1),
(38, 'S10_1023', 2, 54.99, 1),
(30, 'S10_5801', 1, 102.23, 1),
(32, 'S10_4698', 1, 29.83, 1),
(36, 'S10_5078', 1, 99.50, 1),
(4, 'S10_2025', 1, 39.99, 1),
(33, 'S10_6213', 2, 76.89, 1),
(39, 'S10_6066', 3, 49.99, 1),
(8, 'S10_2016', 2, 68.99, 1),
(23, 'S10_1678', 1, 98.58, 1),
(26, 'S10_4757', 1, 30.99, 1),
(31, 'S10_9012', 1, 42.50, 1),
(25, 'S10_5801', 2, 102.23, 1),
(1, 'S10_1023', 1, 54.99, 1);

INSERT INTO Payments (customerNumber, checkNumber, paymentDate, amount) VALUES
(101, 'CHK059', '2024-01-15', 197.16),
(102, 'CHK022', '2024-01-17', 162.67),
(103, 'CHK054', '2024-01-20', 187.94),
(104, 'CHK036', '2024-01-25', 150.00),
(105, 'CHK039', '2024-01-28', 199.99),
(106, 'CHK045', '2024-02-01', 123.45),
(107, 'CHK030', '2024-02-04', 45.67),
(108, 'CHK048', '2024-02-10', 98.58),
(109, 'CHK055', '2024-02-08', 150.00),
(110, 'CHK018', '2024-02-12', 200.00),
(111, 'CHK027', '2024-02-15', 175.25),
(112, 'CHK015', '2024-02-17', 50.00),
(113, 'CHK007', '2024-02-19', 300.00),
(114, 'CHK014', '2024-02-20', 145.80),
(115, 'CHK040', '2024-03-01', 70.10),
(116, 'CHK050', '2024-03-02', 250.00),
(117, 'CHK019', '2024-03-03', 99.99),
(118, 'CHK041', '2024-03-04', 180.00),
(119, 'CHK002', '2024-03-05', 50.25),
(120, 'CHK043', '2024-03-10', 40.00),
(121, 'CHK031', '2024-03-12', 60.75),
(122, 'CHK011', '2024-03-14', 125.00),
(123, 'CHK017', '2024-03-15', 85.50),
(124, 'CHK025', '2024-03-16', 135.45),
(125, 'CHK046', '2024-03-17', 95.00),
(126, 'CHK006', '2024-03-18', 55.30),
(127, 'CHK023', '2024-03-19', 220.00),
(128, 'CHK004', '2024-03-20', 165.60),
(129, 'CHK008', '2024-03-21', 210.00),
(130, 'CHK005', '2024-03-25', 49.99),
(131, 'CHK001', '2024-04-01', 75.50),
(132, 'CHK035', '2024-04-03', 90.00),
(133, 'CHK020', '2024-04-04', 160.00),
(134, 'CHK032', '2024-04-06', 135.25),
(135, 'CHK009', '2024-04-08', 180.50),
(136, 'CHK024', '2024-04-10', 100.00),
(137, 'CHK037', '2024-04-11', 110.30),
(138, 'CHK038', '2024-04-12', 250.00),
(139, 'CHK044', '2024-04-13', 170.00),
(140, 'CHK003', '2024-04-15', 195.00),
(141, 'CHK013', '2024-04-16', 220.50),
(142, 'CHK049', '2024-04-18', 95.25),
(143, 'CHK056', '2024-04-20', 85.00),
(144, 'CHK052', '2024-04-22', 67.75),
(145, 'CHK058', '2024-04-25', 145.50),
(146, 'CHK053', '2024-04-26', 75.00),
(147, 'CHK026', '2024-04-28', 118.25),
(148, 'CHK010', '2024-05-01', 200.00),
(149, 'CHK042', '2024-05-02', 150.00),
(150, 'CHK012', '2024-05-05', 99.99),
(151, 'CHK057', '2024-05-06', 179.95),
(152, 'CHK033', '2024-05-10', 128.50),
(153, 'CHK029', '2024-05-11', 55.99),
(154, 'CHK041', '2024-05-12', 190.00),
(155, 'CHK047', '2024-05-15', 99.50),
(156, 'CHK028', '2024-05-17', 64.99),
(157, 'CHK045', '2024-05-20', 123.45),
(158, 'CHK022', '2024-05-21', 142.75),
(159, 'CHK013', '2024-05-25', 230.00),
(160, 'CHK024', '2024-05-26', 75.50);
